202,203,204,206,208,209,210,211,212,213,214,216,217,220,221,223,302,303,306,307,308,310,311,312,314,315,316,317,318,319,320,324,402,403,404,405,406,407,411,412,413,414,416,419,420,421,423,424,501,503,505,506,508,509,510,512,513,514,516,518,520,521,522,524
-0.10352,-0.14943,0.09632,0.12486,-0.08372,-0.10893,-0.06091,0.15114,0.0236,-0.01132,0.03422,-0.01442,0.10815,0.04063,-0.105,-0.01605,-0.06322,-0.04772,0.08192,-0.06841,-0.14157,0.01482,0.00283,-0.02655,-0.03431,-0.01636,0.03567,-0.02614,-0.09579,-0.21569,-0.01953,-0.2079,-0.08566,-0.16141,0.20517,0.27897,0.05174,0.00442,0.25098,0.1968,-0.14955,-0.23382,0.19601,0.10473,-0.07813,0.05851,0.1516,0.18848,-0.16205,-0.14344,0.24196,0.2381,0.07018,0.0464,0.18549,0.12749,-0.00029,-0.1453,0.34975,0.16967,0.03161,0.08609,0.11845,0.16284
0.02365,0.02586,0.03957,0.04804,0.03465,0.00282,0.00924,0.07895,0.038,-0.01801,0.05781,0.02222,0.0337,0.00939,-0.03913,-0.00209,0.05114,-0.00017,0.02086,0.02895,0.0314,0.02537,0.10303,0.05786,0.0584,0.03411,0.01691,0.02601,0.05369,0.09384,0.05558,0.13249,0.03618,0.06152,0.36065,0.11585,0.04601,0.07244,0.12641,0.17977,0.0352,0.00169,0.05525,0.10068,0.11758,0.21534,0.09961,0.08784,-0.02279,-0.0656,0.22302,0.21336,0.10519,0.09424,0.08882,0.11357,-0.04478,-0.01789,0.34289,0.14542,-0.0163,0.0798,0.00228,0.07553
-0.01079,-0.10544,0.10534,0.07522,-0.03154,-0.00428,0.02314,-0.0229,-0.01498,-0.03705,-0.00768,0.02798,-0.04288,-0.09265,-0.09293,0.01218,0.07187,-0.00368,-0.01002,0.01901,-0.03368,0.01053,-0.01264,-0.05274,-0.01208,-0.08938,0.09918,0.06933,0.05394,-0.03095,-0.04656,0.05067,0.13664,0.06983,0.38774,0.3512,0.09567,0.25181,0.06034,0.11415,0.09378,0.01522,0.05035,0.1595,0.12442,0.24795,0.20354,0.24458,0.02993,0.26337,0.49,0.32646,0.34502,0.21134,0.14034,0.20027,0.20292,0.17091,0.58213,0.1755,0.04737,0.04679,0.15169,0.12658
-0.02396,-0.03673,0.00877,-0.03805,-0.06728,-0.07233,0.02844,0.02447,0.03424,-0.04932,-0.13585,-0.00768,0.06425,0.00174,-0.03584,-0.05963,-0.01237,-0.01269,0.04501,-0.00539,-0.0464,0.01458,0.02281,0.08126,-0.02476,-0.00182,0.0256,0.02947,0.01294,0.03544,-0.00184,0.0139,0.00114,-0.06466,0.39612,0.3789,0.12847,0.27251,0.17607,0.22595,-0.02051,-0.0384,0.36693,0.52309,0.2891,0.46861,0.09674,0.06655,-0.00495,-0.07509,0.29792,0.35222,0.43727,0.45555,0.12191,0.08949,-0.03699,-0.08916,0.3699,0.26305,0.18614,0.6197,0.30389,0.08786
-0.04827,-0.06733,-0.03004,-0.01854,0.03301,0.03066,0.01635,0.04199,0.03927,-0.03654,-0.04594,-0.02243,0.04716,0.0091,0.01016,0.02014,0.02686,0.04016,0.01094,0.00022,0.00377,0.02813,0.01618,0.03218,0.11479,0.13551,0.08728,0.02779,0.08812,0.05191,0.02654,0.03766,0.17976,0.20764,1.7184,1.33224,0.09085,1.90954,0.23633,0.28206,0.19747,0.21628,0.18176,1.96107,1.73185,1.501,0.41814,0.11015,0.16771,0.81981,1.41906,1.31212,1.65598,1.74234,0.27249,0.22316,0.93274,0.93186,1.467,1.56971,0.25335,1.42542,1.23131,0.29481
-0.25048,-0.16378,0.03857,0.0548,-0.03883,-0.1324,0.00448,0.11153,-0.06571,-0.17056,-0.04803,-0.10624,-0.05556,0.05143,0.0003,-0.01044,-0.01764,0.09775,0.03626,-0.01364,-0.11608,0.10237,-0.109,0.06444,0.10705,0.31729,0.34271,0.3412,0.12269,-0.10257,-0.03846,0.02262,0.83302,0.72452,0.75075,0.74731,0.5254,0.47785,0.71704,0.70483,0.9047,0.78323,0.93202,0.67335,0.52137,0.76637,0.67551,0.45705,0.68806,0.91823,0.82178,0.8457,0.48241,0.52819,0.70349,0.43817,0.86104,0.90432,0.86854,0.81491,0.3481,0.43438,0.59228,0.74647
-0.03151,-0.17438,-0.10271,-0.07391,-0.09342,-0.30729,0.04936,0.10102,0.0142,-0.03281,-0.07224,-0.23914,-0.15453,-0.32931,-0.298,-0.07912,0.03568,-0.13098,-0.1637,0.00254,-0.27549,-0.15939,0.00897,0.0003,-0.15732,0.11831,-0.01901,0.03248,0.04727,-0.38111,-0.2728,0.18161,-0.41935,-0.67059,-1.40561,-0.93023,-0.59582,-1.06495,-1.21903,-1.23868,-0.62778,-0.50041,-0.97284,-1.24756,-1.03883,-1.12365,-1.15053,-0.85965,-0.6871,-0.59374,-1.16567,-1.18991,-1.18447,-1.26817,-1.11715,-1.06725,-0.7501,-0.64062,-1.27681,-1.0606,-1.2588,-1.47173,-0.93566,-1.33418
-0.155,0.00646,0.04884,0.06787,0.03637,-0.03909,0.04432,0.15451,0.11595,0.00628,0.01364,0.04325,0.01513,-0.04051,-0.04318,0.17023,-0.06905,-0.14461,0.03407,-0.10209,-0.06195,-0.00474,0.08314,0.0839,-0.07816,-0.01226,-0.03819,0.029,0.03769,-0.06029,-0.04785,0.10203,-0.03471,-0.15994,-0.13938,-0.00255,0.02071,-0.28886,-0.01539,-0.03508,-0.12719,-0.0277,-0.10378,-0.31847,-0.22932,-0.15109,0.00934,0.07942,-0.04108,-0.01287,-0.00838,0.01342,-0.18446,-0.17945,0.0772,0.09111,0.01871,-0.01514,-0.10552,-0.01952,0.02207,-0.18481,0.07125,0.12947
-0.03779,-0.05631,0.16241,0.0976,-0.01136,0.02322,-0.10351,-0.14195,-0.00432,-0.01146,-0.04252,0.0397,-0.04311,-0.00352,-0.02518,0.00215,0.01816,0.01944,0.11781,0.06029,-0.00503,0.04589,-0.03233,0.06375,-0.02673,-0.00778,0.16649,0.15386,0.16544,-0.04512,0.1256,0.03453,-0.03573,-0.05368,1.02742,0.7231,0.46983,0.82695,0.30756,0.40516,0.041,-0.06648,0.5882,0.97273,0.64494,0.71904,0.35463,0.23617,-0.17787,-0.00004,0.96824,0.87683,0.91797,0.73746,0.27235,0.24902,-0.07791,-0.0431,1.11727,0.77397,0.17344,0.59245,0.26424,0.1671
0.02314,0.03381,0.01526,0.04452,-0.00053,-0.06492,-0.00288,-0.01327,0.00449,0.05219,0.02228,0.01036,-0.02807,-0.01214,0.02587,0.04506,0.00138,0.00341,0.02382,0.00222,-0.01014,0.00772,0.04844,0.00599,0.01492,0.01286,-0.00305,0.0012,-0.02185,-0.02586,0.10873,0.01147,-0.0366,-0.05758,-0.07992,-0.09466,-0.07295,-0.10811,-0.08425,-0.05527,-0.02565,-0.04271,-0.04275,-0.05117,-0.17545,-0.06747,-0.05856,-0.04126,-0.02987,-0.07964,-0.13391,-0.14188,-0.15203,-0.13264,-0.14921,-0.09193,-0.05853,-0.14814,-0.10672,-0.08516,-0.17219,-0.15609,-0.08277,-0.08531
0.03006,0.02947,-0.00899,-0.03984,-0.01436,0.01393,-0.03445,0.00093,0.01922,0.01511,-0.01347,0.04243,0.01417,0.05137,0.01982,0.0557,0.04394,0.03029,-0.02547,0.0133,0.015,0.01274,-0.01523,0.05547,0.01111,0.03799,0.01595,-0.01499,-0.00334,0.04055,0.05661,0.04694,0.04621,0.0238,0.10202,0.12314,0.04397,0.08728,0.15898,0.17098,0.05848,0.12124,0.09354,0.17107,0.03665,0.14728,0.07434,0.13559,0.10346,0.12708,0.05642,0.05391,0.18007,0.10008,0.07495,0.14406,0.15062,0.06231,0.13268,0.12997,0.07581,0.2478,0.1471,0.04349
-0.07352,-0.06891,0.0555,0.10546,0.0304,0.01892,-0.07296,-0.01111,-0.07873,0.01462,0.04673,0.06725,0.01965,-0.05248,0.00492,0.0284,-0.08011,-0.08506,0.02795,-0.20723,-0.09338,-0.21905,-0.14434,-0.06303,-0.08726,-0.08948,0.04848,0.01247,-0.00494,-0.18344,-0.04493,-0.08495,-0.14012,-0.27684,-0.18244,-0.0352,-0.08298,-0.24113,-0.02637,-0.61714,-0.32978,-0.21588,-0.56525,-0.60731,-0.28853,-0.11735,-0.10194,-0.04819,-0.14546,-0.11319,-0.06682,-0.04671,-0.13032,-0.16025,-0.04457,-0.03429,-0.08024,-0.13659,-0.21339,-0.07397,0.11977,-0.02292,-0.044,0.05078
-0.12853,-0.14401,0.09084,0.1241,-0.07197,-0.07449,0.01179,0.07323,0.08765,-0.04105,-0.0783,0.04322,0.19418,-0.04756,-0.00295,0.12993,-0.09716,-0.17032,0.06529,-0.02964,-0.1093,0.12575,-0.05366,0.0174,-0.09621,-0.09388,0.09072,0.17395,0.10088,-0.09654,-0.10731,0.08478,0.04297,-0.1362,0.59674,0.54241,0.31961,0.33372,0.12453,0.38704,-0.03095,-0.12387,0.60615,0.66016,0.38113,0.41104,0.10661,0.22634,-0.13205,-0.08281,0.68448,0.55104,0.52229,0.33281,0.26982,0.25519,0.00471,-0.07007,0.72088,0.45631,0.27764,0.47106,0.35596,0.23738
-0.08018,-0.13835,0.06989,0.12131,-0.04211,-0.06298,-0.02729,0.03372,-0.03421,-0.04448,-0.02416,0.06166,0.02608,-0.11835,-0.03702,-0.01392,-0.17595,-0.14374,0.06956,-0.09989,-0.11159,-0.06585,-0.1367,0.00238,-0.1382,-0.11693,-0.00038,0.06599,0.06207,-0.25675,-0.14944,-0.07602,-0.05569,-0.22817,-0.14413,0.02195,0.07137,-0.38486,-0.28126,-0.13312,-0.16563,-0.20036,-0.00489,-0.37087,-0.45584,-0.44811,-0.06977,-0.00677,-0.22403,-0.22123,-0.12353,-0.10666,-0.52492,-0.5696,-0.13358,-0.02394,-0.10018,-0.12739,-0.19281,-0.12851,-0.29748,-0.52646,-0.13343,-0.09248
-0.04517,-0.01665,0.10602,0.09094,-0.0094,-0.08863,-0.0066,0.07526,-0.01885,-0.03623,-0.04499,-0.05487,-0.10456,-0.10002,-0.0594,-0.02119,0.01014,-0.06445,0.1183,0.01537,-0.00361,0.08523,-0.00781,0.06058,0.0084,0.00464,0.0749,0.127,0.085,-0.02584,0.03797,0.03929,0.10465,0.0693,0.53093,0.43208,0.20173,0.26799,0.15572,0.36616,0.10599,-0.00098,0.44183,0.47787,0.24164,0.4103,0.20809,0.20744,-0.08182,-0.05174,0.50341,0.36457,0.43412,0.36225,0.19583,0.25656,-0.02124,-0.04566,0.54742,0.38563,0.2152,0.42223,0.16589,0.29756
-0.09815,-0.1934,0.08631,0.02719,-0.06017,-0.1208,0.00094,0.10711,0.06427,-0.1324,-0.18273,0.0257,0.01565,-0.04424,-0.08957,-0.03728,-0.07621,-0.15372,0.03415,-0.11971,-0.04214,0.02771,-0.13751,0.01818,-0.11462,-0.15751,0.01457,0.06167,0.05813,-0.19676,-0.08894,0.00168,0.08462,-0.02975,0.83421,0.56603,0.32567,0.41499,0.26977,0.31091,-0.0338,-0.10056,0.407,0.64983,0.5897,0.56567,0.15396,0.22098,-0.15232,-0.05165,0.97199,0.86955,0.86999,0.55799,0.3465,0.26037,-0.07144,-0.12221,1.0958,0.54163,0.01923,0.34248,0.22836,0.23857
-0.07078,-0.04388,0.07436,0.0685,-0.02547,-0.02528,-0.02089,0.06954,0.01775,0.02514,0.01624,0.01914,0.06761,0.06178,0.00217,0.039,0.00031,-0.04852,-0.02157,-0.0092,-0.08853,0.07225,-0.01271,-0.02926,-0.0114,-0.02757,-0.0149,0.00573,-0.00648,-0.11313,-0.02587,0.03466,0.11291,0.04017,0.27266,0.12501,-0.01897,0.05925,0.01556,0.24217,0.12011,0.02909,0.21734,0.42149,0.07897,0.15002,0.05409,0.02852,0.06112,0.072,0.20972,0.11148,0.2811,0.13847,0.04036,0.05289,0.12433,0.04285,0.16844,0.0921,0.01976,0.06708,0.02827,0.07603
-0.15203,-0.08547,0.1225,0.1215,-0.04079,-0.08283,0.01263,0.14602,0.04856,-0.02608,-0.01885,-0.01672,0.08084,-0.0131,-0.01279,0.13087,-0.06426,-0.08997,0.09646,-0.14074,-0.14284,0.02693,-0.0239,0.06729,-0.04118,0.02306,0.01305,0.09251,0.06723,-0.19376,-0.11032,0.04471,0.47911,0.2138,0.33264,0.31522,0.09947,0.01881,0.01445,-0.00767,0.24972,0.38344,-0.02734,-0.04719,-0.01619,0.14189,0.10971,0.20363,0.27258,0.44116,0.43037,0.33693,0.19302,0.08579,0.32435,0.27026,0.5143,0.3804,0.36463,0.13683,0.02869,0.0761,0.09413,0.16212
0.00145,-0.01447,-0.0067,0.05379,0.01555,-0.11951,-0.04568,0.01688,-0.11619,0.04975,0.04676,-0.05734,-0.11178,-0.05943,-0.10255,-0.07571,-0.00025,-0.01443,0.03495,-0.04678,-0.10399,-0.14322,-0.1431,-0.03217,0.0244,0.00149,0.03899,0.03403,0.02183,-0.20616,-0.07852,-0.1199,0.00267,-0.08498,-0.27918,-0.32482,-0.24905,-0.30048,-0.46221,-0.42381,-0.03371,-0.02788,-0.18881,-0.36547,-0.5373,-0.41683,-0.42887,-0.31424,0.04097,0.01367,-0.32155,-0.35168,-0.53198,-0.50164,-0.42354,-0.34965,0.05503,-0.06405,-0.30731,-0.23466,-0.24553,-0.70974,-0.48648,-0.4635
-0.06787,-0.01062,0.03467,-0.02182,-0.05498,0.04953,0.03242,0.05403,0.03869,0.0076,-0.07152,0.02768,0.03505,0.00715,0.07357,0.07837,0.05787,-0.04708,0.06832,0.03415,0.0237,0.03342,-0.0143,0.03333,-0.0475,-0.02786,0.00228,0.05917,0.02584,-0.05885,-0.02308,0.05379,0.20965,0.07253,0.28637,0.24564,0.10499,0.1407,-0.0525,0.11179,0.16124,0.12299,0.19189,0.37966,0.10585,0.22333,0.05659,0.11995,0.18848,0.35824,0.32506,0.26279,0.36671,0.34422,0.00681,0.11955,0.24763,0.26618,0.41031,0.12526,0.10131,0.24539,0.21887,0.13891
-0.08367,-0.09059,-0.04035,-0.00571,0.00931,0.14526,0.012,0.03393,0.11183,-0.06283,-0.02229,0.10151,0.11052,0.0418,0.08545,0.10668,-0.00795,-0.07354,0.02378,0.04312,-0.0336,-0.01631,0.0723,-0.00787,-0.04982,-0.02798,0.07065,0.03093,0.031,-0.06408,-0.02392,0.12191,0.0279,-0.02812,0.45292,0.36187,0.21536,0.37837,0.17409,0.42618,0.11671,-0.03709,0.29657,0.76314,0.38656,0.44278,0.19837,0.14968,0.10559,0.30908,0.48407,0.43834,0.77561,0.60652,0.38062,0.18371,0.19613,0.23287,0.81874,0.20411,0.19698,0.33689,0.26277,0.26915
-0.0096,-0.00556,-0.00251,-0.04875,-0.0626,0.05969,0.08734,0.01949,0.0381,-0.03166,-0.05998,0.01033,-0.00278,-0.0256,0.05655,0.0318,-0.04251,-0.04022,0.04337,0.00163,0.03491,0.03619,0.02309,0.01558,-0.03518,-0.01559,0.00076,0.03203,0.00799,0.0181,-0.03518,0.03777,-0.00991,-0.00455,1.1969,0.72029,0.1743,0.93198,0.03636,0.26444,0.02548,-0.00803,0.15545,0.93317,0.63695,0.67221,0.08853,0.08746,-0.03743,0.00691,1.23119,1.1914,0.98991,0.7396,0.17209,0.16422,-0.01422,0.00541,1.27856,0.82765,-0.01728,0.36114,0.15587,0.0354
-0.03666,0.04659,0.09018,0.04394,0.01209,-0.03463,-0.00043,-0.07641,-0.00419,0.04291,-0.0205,0.02896,0.03971,-0.01033,0.00238,0.0184,-0.02233,-0.06,0.0104,-0.03579,-0.02425,0.03192,0.03785,0.02627,-0.02876,0.00208,0.00736,0.0495,0.01594,0.00639,-0.00232,-0.01708,0.17155,0.13176,0.34487,0.17668,0.12397,0.21626,0.16652,0.20053,0.03353,0.11467,0.14424,0.44476,0.15985,0.4968,0.05071,0.0671,-0.03092,-0.15908,0.31396,0.18276,0.40627,0.41961,0.20146,0.12119,-0.00535,-0.08262,0.53378,0.13875,0.03671,0.43376,-0.03146,0.23828
-0.08889,-0.03932,0.06621,0.03228,-0.08373,-0.14765,-0.0188,0.08357,-0.03008,-0.06422,-0.08207,-0.04068,-0.01578,-0.03574,-0.07983,0.02973,0.02416,-0.07898,0.03065,-0.1114,-0.11877,0.05007,-0.04013,0.01099,-0.03472,-0.052,-0.03523,0.04997,0.02407,-0.12652,-0.03859,0.00594,0.14493,-0.0613,0.32219,0.2874,0.08136,0.09963,0.23927,0.23462,0.05223,0.02956,0.25303,0.32458,0.07923,0.32434,0.02364,0.09004,-0.00935,-0.02576,0.33983,0.33605,0.3227,0.25191,0.19051,0.10572,0.02497,-0.06104,0.35946,0.18341,0.07598,0.25446,0.02643,0.09987
-0.08716,-0.04857,0.05462,0.09341,0.02491,-0.07564,-0.02079,0.10184,0.03064,-0.02273,-0.00668,0.0075,-0.03281,-0.07955,-0.05688,0.02871,-0.09076,-0.12138,0.01641,-0.09701,-0.09984,-0.01566,0.03085,0.03646,-0.05914,-0.02896,-0.06946,0.00726,0.01843,-0.14713,-0.08612,0.02562,-0.09166,-0.25703,-0.45296,-0.15711,-0.15316,-0.46186,-0.00719,-0.1953,-0.18255,-0.13009,-0.31484,-0.71547,-0.5823,-0.49247,-0.02166,0.01657,-0.19326,-0.10673,-0.32628,-0.26506,-0.62528,-0.59154,-0.12706,0.00077,-0.08886,-0.14916,-0.45515,-0.28975,-0.23043,-0.73595,-0.08952,-0.04101
-0.15437,-0.04108,0.10564,0.09805,-0.07103,-0.19299,-0.00322,0.13972,0.08303,-0.07356,-0.1213,-0.03785,0.11698,-0.03655,-0.08604,0.15398,-0.04645,-0.15002,0.13312,-0.08648,-0.10762,-0.02043,-0.01844,0.08219,-0.02719,-0.07754,0.06047,0.17961,0.14307,-0.1534,-0.0831,0.05691,0.02033,-0.12667,0.51402,0.44842,0.34083,0.26312,0.26748,0.04015,-0.22353,-0.05055,0.09148,0.09129,0.40521,0.47431,0.13227,0.29977,-0.0833,-0.05964,0.61648,0.53497,0.57112,0.52088,0.37374,0.30358,-0.01873,-0.03634,0.54644,0.44502,0.37997,0.55773,0.39732,0.40446
-0.01054,-0.1523,0.04016,0.05494,-0.04566,-0.09877,-0.04417,0.16297,-0.00547,-0.04027,-0.05782,0.08436,0.10082,-0.02128,-0.0899,0.0215,-0.01654,-0.00827,-0.00612,-0.11465,-0.1451,-0.11567,-0.14763,0.06219,-0.00459,0.09121,0.07474,0.03024,0.04962,-0.19662,-0.03143,0.00381,0.28296,0.11929,0.88639,0.57523,0.0577,0.49042,0.47778,0.22371,0.14723,0.20737,0.13223,0.57915,0.41463,0.63474,0.05264,0.10763,0.04897,0.27483,0.76994,1.01482,0.8662,0.63842,0.44668,0.1672,0.3109,0.25734,1.1137,0.37547,0.01764,0.44455,0.08115,0.32422
-0.12406,0.17861,0.00522,0.08024,-0.06163,-0.09025,0.12153,0.02229,0.13771,0.02278,0.06805,-0.10461,0.02466,-0.04796,-0.06726,0.19293,0.11181,-0.01552,0.00292,-0.12634,-0.05628,0.0282,0.19399,0.20419,-0.02829,0.07793,-0.00421,-0.04486,0.04988,-0.10575,-0.10306,0.10388,-0.07286,-0.14894,-0.37727,-0.12272,-0.14818,-0.32368,-0.13359,-0.36922,-0.22308,0.02896,-0.3949,-0.7333,-0.48796,-0.5073,0.02736,-0.00142,-0.0693,-0.02987,-0.27299,-0.14405,-0.67462,-0.48484,-0.12824,-0.05105,-0.07844,0.01776,-0.48498,-0.12511,-0.28624,-0.66788,0.01059,-0.21215
-0.4757,-0.10642,0.09772,0.10023,-0.08308,-0.12633,0.00175,0.07396,0.07063,-0.09189,-0.13223,-0.01033,0.26723,-0.00487,-0.00725,0.15483,-0.10893,-0.44547,0.19949,-0.05408,-0.0169,0.03181,0.13854,0.18756,-0.02922,-0.06472,-0.12092,0.20845,0.10695,-0.13398,0.01075,-0.03878,-0.07089,-0.11169,0.32241,0.34643,0.16831,-0.02243,0.36629,-0.00403,-0.23294,-0.21246,-0.03687,-0.10646,-0.04216,0.19309,0.44213,0.40516,-0.18907,-0.33651,0.16394,0.34762,0.12962,0.14192,0.21424,0.2387,0.01568,-0.05717,0.33775,0.1009,0.05396,0.11554,0.34897,0.29487
0.00741,-0.03156,0.00447,0.01038,0.00894,-0.05267,0.03771,0.02677,0.00991,-0.02493,-0.00348,-0.01382,-0.01963,-0.01632,-0.02343,0.03837,0.01146,-0.02621,0.03668,0.00066,0.04101,0.02751,0.02896,0.04435,-0.04281,-0.03371,-0.01661,0.01556,0.0166,-0.03449,-0.02895,0.04293,-0.08389,-0.08057,0.32241,0.04676,-0.01773,0.03033,0.0979,0.01712,-0.06493,-0.09883,-0.01005,0.08578,-0.00201,0.01406,0.05244,-0.02091,-0.04428,-0.06018,0.20114,0.21869,0.01644,-0.01964,0.02274,0.04624,-0.09437,-0.00819,0.25922,0.03846,-0.07455,-0.01715,0.0078,0.049
-0.02848,-0.00318,0.00343,0.02417,0.01343,0.00718,0.03143,0.06107,0.02498,-0.03906,-0.00736,0.00366,0.02466,0.00716,0.03036,0.05347,0.03812,0.01887,0.04981,0.01547,0.00612,-0.00029,0.03525,0.05338,0.04099,0.09019,0.08196,0.06722,0.00774,0.02285,0.08696,0.08033,0.04098,0.04886,0.34888,0.19973,0.05625,0.1912,0.0417,0.15059,-0.03708,0.01036,0.02776,0.33389,0.1767,0.21565,0.10158,0.11035,-0.07547,-0.09268,0.36695,0.25506,0.4161,0.26074,0.13836,0.13555,0.03096,-0.05027,0.39678,0.14409,0.00912,0.23736,0.06973,0.10929
-0.0075,0.04343,0.06259,0.02328,0.02138,-0.00531,0.00221,0.06858,0.01756,0.00491,0.00602,0.00639,-0.03077,-0.01701,-0.00801,0.05054,0.02546,0.0115,0.02934,-0.02583,0.02375,0.02283,0.05663,0.05562,0.03265,0.01188,-0.01742,0.02051,0.0218,0.02374,0.02108,0.07023,0.03015,0.04258,0.20017,0.2466,0.19661,0.14919,0.18095,0.14629,-0.03002,-0.00082,0.06216,0.11335,0.13262,0.18002,0.15789,0.14053,0.01676,0.01931,0.20232,0.17475,0.24318,0.19028,0.156,0.16358,-0.00607,0.00516,0.30957,0.19056,0.17332,0.27169,0.15078,0.22053
-0.06225,-0.02158,0.09199,0.06748,-0.05114,-0.10413,-0.02223,0.04215,0.0124,-0.04596,-0.04378,-0.00624,0.12763,0.03722,0.02571,0.00802,-0.01549,-0.08556,0.05298,-0.03812,-0.09905,0.00224,-0.04637,-0.00679,0.02251,0.06887,0.04823,0.15785,0.05797,-0.03428,0.00367,0.04733,0.47095,0.18853,0.21684,0.50929,0.18042,0.23906,0.16126,0.26685,0.2127,0.30255,0.46482,0.37088,0.22313,0.35723,0.13802,0.12346,0.18684,0.1281,0.23163,0.35293,0.1745,0.2337,0.26579,0.09753,0.31208,0.15449,0.08706,0.29821,0.28976,0.26933,0.22897,0.20781
-0.08647,-0.05866,0.14884,0.14126,-0.0485,-0.11546,-0.04547,0.02863,0.00758,-0.06625,-0.01273,0.01404,0.09122,0.02029,-0.04589,0.02826,-0.00356,-0.03347,0.10214,-0.04091,-0.06733,0.00919,-0.01151,0.07683,-0.04602,-0.03122,0.07746,0.13233,0.07428,-0.0704,0.01341,0.07549,0.17886,0.12043,0.49263,0.38078,0.07305,0.17973,0.05496,-0.0109,0.05146,0.04994,0.0689,0.14505,0.17919,0.17911,0.14687,0.14046,0.02785,0.15503,0.49097,0.51557,0.29042,0.08533,0.05009,0.1129,0.18174,0.22062,0.72847,0.33845,-0.02992,-0.01567,0.05545,0.09858
-0.09206,-0.03938,0.06555,0.09192,-0.02861,-0.04721,0.12952,0.02924,-0.07133,0.00159,0.01654,0.03213,-0.00909,-0.06643,-0.02364,0.01972,-0.06005,-0.07712,0.02263,-0.04799,-0.06512,0.02307,-0.00642,-0.0404,-0.04143,-0.05071,-0.01434,0.02413,0.01336,-0.09457,-0.08179,-0.02409,-0.02986,-0.07504,0.26612,0.19472,0.0015,0.13152,0.15856,0.04541,-0.07387,-0.0719,0.13203,0.15063,0.10868,0.25148,0.01161,0.05389,-0.1064,-0.04504,0.35988,0.17897,0.29417,0.1989,0.17028,0.12776,0.01125,-0.00371,0.41391,0.12636,0.04453,0.15525,-0.08873,0.20739
-0.13266,-0.08605,0.14488,-0.0052,-0.24868,-0.02004,-0.01579,0.09124,0.03321,-0.0676,0.00145,0.12747,0.16363,0.11052,0.00986,0.14084,-0.05432,-0.11837,0.04504,-0.07297,-0.1653,0.08193,-0.00799,0.05695,-0.04206,0.01,0.10141,0.12845,0.10176,-0.1664,-0.05398,0.0504,0.0638,-0.14844,0.93018,0.7582,0.21807,1.16278,0.32326,0.62662,-0.06043,-0.13871,0.56954,1.32775,0.94541,1.03248,0.26308,0.42662,-0.04852,0.00368,1.04794,0.99525,1.19631,1.14181,0.59257,0.30056,0.20965,0.03551,1.18303,0.65598,0.59967,0.91801,0.45066,0.35356
0.01041,0.0289,0.00968,-0.00968,-0.01158,-0.02907,0.02332,-0.00395,-0.03942,0.03381,0.0006,-0.02967,-0.02466,-0.03735,0.00507,-0.03207,0.00726,0.01593,0.04808,-0.0157,-0.00372,-0.01118,-0.07547,0.0645,0.00932,0.00823,-0.01677,-0.03591,-0.05462,-0.04819,-0.02835,-0.00944,-0.06571,-0.10876,-0.17188,-0.06288,-0.02274,-0.10819,0.03511,-0.11958,-0.0308,-0.0062,-0.10997,-0.08827,-0.09251,0.02607,-0.06883,-0.00094,0.01857,-0.01817,-0.06911,-0.01151,-0.06566,-0.05145,-0.01919,-0.07363,0.02958,-0.15566,0.05879,-0.08684,-0.07156,-0.03788,-0.03821,-0.09466
-0.08055,-0.03388,0.19188,0.11088,0.08347,-0.07187,-0.05341,0.27549,-0.0965,-0.02948,0.03881,-0.04114,0.02783,-0.0458,-0.00619,-0.00737,0.0547,-0.11161,0.04164,-0.02266,-0.13414,0.13329,-0.19423,0.0747,-0.01367,-0.09948,-0.03822,0.07633,0.09432,-0.25282,-0.12153,-0.05181,0.08589,-0.00058,0.55119,0.39421,0.02758,0.14861,-0.10739,-0.14054,0.15844,-0.03524,0.15522,-0.13588,0.22736,0.30745,-0.01731,0.10313,0.03357,0.18821,0.81845,0.85335,0.4184,0.26364,0.05896,0.19988,0.10558,0.10343,0.73361,0.39369,0.07486,0.07753,-0.00222,0.35055
0.01219,0.00893,-0.00559,-0.05551,-0.00329,-0.01343,0.02727,0.03773,0.03195,-0.03784,-0.07403,0.00282,-0.01695,-0.05797,-0.10728,0.05033,0.06621,0.02767,-0.02858,-0.05741,0.00157,-0.00095,0.04568,0.04435,0.03725,0.08504,-0.05337,0.00535,-0.02209,-0.00122,-0.04926,0.1157,0.18326,0.1856,1.17688,0.88841,0.20429,0.9715,0.56839,0.33223,0.08029,0.42739,0.0317,0.78933,0.7466,0.71141,0.23671,0.18591,0.16638,0.75574,1.06841,1.02674,0.86756,0.86183,0.37679,0.31968,0.49966,0.57723,1.10748,0.78217,0.04675,0.59645,0.25974,0.3011
-0.21873,-0.10129,0.12073,0.26348,-0.06079,-0.19227,-0.08583,0.15025,-0.05047,-0.05955,0.00745,-0.07631,0.00168,-0.23917,-0.14613,0.06261,-0.22483,-0.30267,0.01604,-0.41973,-0.34519,-0.20186,-0.20915,-0.07487,-0.1824,-0.16825,-0.05903,0.07425,0.06425,-0.48428,-0.39051,-0.08088,-0.14185,-0.49921,-0.41398,-0.09357,-0.19416,-0.75333,-0.52736,-1.27222,-0.3909,-0.37745,-1.05871,-1.62861,-0.83854,-0.76333,-0.17422,-0.05041,-0.40943,-0.19625,-0.17262,-0.12119,-0.90776,-0.91504,-0.11884,-0.08321,-0.18253,-0.27003,-0.60971,-0.3226,-0.3175,-0.95844,-0.23594,-0.17239
-0.02471,-0.08704,0.0603,0.07947,0.01824,0.01859,-0.04421,0.08196,-0.0139,0.05836,-0.0122,0.00368,0.04295,-0.02286,0.03184,0.0058,-0.0564,-0.05449,0.07118,0.04154,0.02344,-0.01022,-0.0413,0.03813,-0.03339,-0.03883,0.08661,0.08335,0.07681,-0.00122,0.00457,-0.00292,-0.00898,-0.00376,0.95411,0.64662,0.06551,0.59916,0.23027,0.71195,0.03804,-0.07036,0.325,1.04234,0.48529,0.75611,0.19471,0.11989,-0.07233,0.35148,0.90566,0.87495,0.8921,0.67845,0.53867,0.26766,0.28538,0.48916,1.14055,0.40837,0.39037,0.46038,0.51184,0.38269
-0.13495,-0.10166,0.06133,0.00048,-0.06738,-0.15007,-0.0357,0.05359,-0.07791,-0.11811,-0.16291,-0.03928,-0.0497,0.03897,0.07905,-0.07597,0.0586,0.08755,-0.036,0.03793,-0.02486,0.05964,-0.02448,-0.0444,0.08186,0.13224,-0.00711,0.0553,0.00082,0.00253,0.03579,-0.08065,0.46014,0.36986,0.41431,0.3553,0.26037,0.72693,0.36882,0.36689,0.41597,0.36898,0.37426,0.88297,0.55332,0.46589,0.40607,0.40801,0.23898,0.25289,0.3709,0.37129,0.59601,0.47869,0.30045,0.26901,0.27768,0.22436,0.36231,0.25509,0.40923,0.40322,0.40877,0.39372
-0.06368,-0.08346,-0.00812,-0.03437,-0.01347,0.07186,0.03347,0.08742,0.03559,-0.06187,-0.02064,0.03508,0.17924,0.03682,-0.01653,0.06726,-0.05938,-0.03296,0.04572,-0.03364,0.06378,0.01554,0.00925,0.02528,-0.05493,-0.08654,-0.01042,0.01212,-0.05956,0.03966,0.04201,0.09429,-0.37963,-0.20331,0.17979,-0.07489,-0.03378,0.06203,0.03239,-0.01012,-0.16215,-0.12544,-0.04339,0.06058,0.1386,0.10156,0.00548,0.06885,-0.19664,-0.25105,0.20341,0.34648,0.3706,0.20818,0.02207,0.02788,-0.22289,-0.10282,0.3211,0.02683,-0.092,0.03947,-0.07717,0.01433
-0.02126,-0.0056,0.02958,0.11904,-0.05789,-0.13282,-0.00927,0.1064,0.03799,0.01175,-0.03689,-0.02562,0.11013,-0.0548,-0.02288,-0.01677,0.02511,-0.04304,0.05202,-0.00665,0.06098,0.03508,-0.03495,0.03339,0.0103,0.00463,0.08041,0.08319,0.06088,-0.1703,-0.15339,0.06168,-0.12997,-0.31436,-0.20118,-0.14159,-0.11191,-0.35367,-0.30862,-0.25796,-0.14017,-0.15372,-0.02898,-0.28208,-0.5331,-0.38697,-0.2552,-0.13771,-0.13504,-0.18045,-0.11366,-0.0267,-0.37951,-0.37742,-0.32406,-0.2016,-0.15035,-0.17361,-0.09072,-0.14088,-0.36197,-0.32298,-0.16835,-0.46202
0.05893,0.07861,0.07088,-0.00916,0.02855,0.00776,0.01471,0.00534,0.0613,0.02912,0.02147,0.05204,0.07042,0.00358,0.06801,0.02086,0.21705,0.07412,-0.0284,0.02946,0.13347,0.03481,-0.00961,0.04815,0.0272,0.24617,-0.03694,-0.00471,-0.01651,-0.08458,-0.00831,0.0403,0.56221,0.63722,0.87179,0.69194,0.66973,0.76398,0.39994,0.59879,0.69495,0.63043,0.92538,1.25109,0.86988,0.89923,0.96106,0.4937,0.65215,0.74316,1.00276,1.03424,0.93334,1.17827,0.28756,0.58459,0.72319,0.73871,1.05174,0.749,0.50454,0.89256,1.10006,0.48832
-0.07689,-0.03637,0.02148,0.11231,-0.10963,0.01282,-0.0532,0.01738,0.05351,-0.01154,-0.02618,0.14468,0.09799,-0.07416,-0.08002,0.14816,-0.01364,-0.0412,0.06985,-0.09861,-0.00352,-0.03077,-0.07834,0.15,-0.00211,-0.03761,0.03849,0.0366,0.0052,-0.1112,-0.02551,0.22072,0.12804,0.08506,1.44789,1.06628,-0.07975,1.01046,0.25232,0.35759,0.15283,0.24549,0.07587,1.18439,0.79969,0.81973,0.08139,0.0866,0.09415,0.46558,1.5527,1.58352,1.14292,1.01017,0.35973,0.14617,0.46467,0.5586,1.73241,1.25996,-0.2202,0.23931,0.42929,0.09876
-0.13845,-0.16294,0.10883,0.05297,-0.01563,-0.07956,-0.04107,0.05409,-0.01728,0.00558,-0.03275,0.00128,-0.02197,-0.03787,-0.04024,0.00851,-0.09762,-0.08645,0.00595,-0.09339,-0.11628,0.03512,-0.1148,-0.06827,-0.09146,-0.09411,-0.05978,0.00813,0.02851,-0.16313,-0.04309,-0.08888,0.02231,-0.06039,0.23244,0.22705,0.16265,0.0884,0.03807,0.12363,-0.04761,-0.0803,0.13037,0.10465,0.03704,0.13428,0.07734,0.12204,-0.05003,0.00387,0.30722,0.21663,0.20192,0.06752,0.17776,0.13879,0.05799,0.0181,0.32854,0.13131,0.15267,0.12353,0.07343,0.23903
-0.02447,0.03059,-0.04924,-0.05499,-0.00002,0.04622,0.00907,0.01165,-0.02472,-0.01664,-0.01734,-0.03896,-0.05572,0.01867,0.04979,-0.06962,-0.00082,0.02147,-0.03468,0.30465,0.03117,0.24709,-0.07364,0.00768,0.07625,0.10721,-0.00372,0.00546,0.00369,0.02361,0.05561,-0.05564,0.24283,0.28495,1.56857,1.21546,0.1679,1.70222,0.13883,0.44344,0.37512,0.22401,0.33243,1.7059,1.59644,1.31184,0.36883,0.02993,0.19276,0.7456,1.45392,1.26811,1.41683,1.52052,0.2294,0.12175,0.75941,0.79289,1.45416,1.41064,0.32812,1.43218,1.12585,0.29225
0.02041,-0.06606,0.01154,-0.05854,-0.06151,-0.08446,0.00069,0.07911,-0.15023,-0.06003,-0.12826,0.00267,-0.01651,-0.0617,-0.11603,-0.01703,-0.01554,-0.0004,0.03209,-0.00034,-0.10826,-0.00053,0.04699,0.07006,0.04917,0.08783,0.06212,0.0887,0.03629,-0.06147,-0.10692,-0.02593,-0.15582,-0.26154,0.46821,0.4322,0.19832,0.17843,0.12747,0.05207,-0.16147,-0.12026,0.25257,0.4279,0.20871,0.19138,-0.04654,-0.02071,-0.19038,-0.1383,0.62877,0.49967,0.38211,0.255,-0.04882,0.03217,-0.16097,-0.18176,0.47253,0.25298,-0.06799,0.02667,-0.00279,-0.05102
0.01314,0.02568,-0.05705,0.01448,-0.03604,0.00831,-0.00395,0.05545,-0.00902,0.03018,0.03197,0.03584,-0.03801,-0.01322,0.00008,0.0175,-0.03567,-0.04242,0.05524,-0.08185,-0.01051,-0.1014,-0.02213,-0.01903,-0.01449,0.01905,0.0296,-0.01164,-0.00917,-0.09168,-0.04874,0.0019,0.09372,-0.04405,-0.44243,-0.01366,-0.00023,-0.34557,-0.50703,-0.41721,-0.04841,0.08927,-0.16225,-0.77685,-0.54885,-0.45517,-0.1982,-0.1965,-0.01899,0.04894,-0.28821,-0.23766,-0.6605,-0.64191,-0.20728,-0.19891,0.0877,0.02621,-0.44356,-0.11816,-0.1457,-0.62911,-0.15753,-0.22094
-0.07312,-0.06119,0.06218,-0.01138,-0.05944,-0.04725,0.05246,-0.04329,0.00008,-0.04995,-0.08248,-0.00242,0.02237,-0.00615,0.01404,0.02639,-0.02992,-0.04718,0.02102,-0.01553,-0.06474,0.05667,-0.06838,-0.00806,-0.04241,-0.02776,0.04596,0.0569,0.00401,-0.07647,-0.00673,0.00716,0.03306,-0.06125,0.4141,0.35093,0.17406,0.33556,0.16263,0.37627,-0.05613,-0.07798,0.38983,0.49508,0.31323,0.39579,0.11703,0.18558,-0.10334,-0.11388,0.4225,0.3214,0.44188,0.3182,0.30858,0.17812,0.01005,-0.11869,0.4609,0.27824,0.20543,0.4633,0.22237,0.16411
-0.06828,0.06731,0.02121,-0.14141,0.11722,-0.04564,0.03884,-0.00817,-0.04273,-0.01898,-0.07115,-0.00679,0.10721,0.07504,0.05881,0.08448,0.01651,0.03727,-0.00522,-0.02947,0.1329,-0.01575,0.09648,0.1694,-0.0575,-0.03382,0.07951,-0.00361,-0.08777,0.03248,-0.0446,-0.12184,-0.23481,-0.241,-0.43656,-0.18803,-0.14441,-0.11122,0.06165,-0.07339,-0.12865,-0.18498,-0.1269,-0.16065,-0.26618,-0.11665,-0.0028,-0.01235,-0.08307,-0.29265,-0.24066,-0.2449,-0.40466,-0.48215,0.00767,-0.17437,-0.21476,-0.07411,-0.50388,-0.22539,-0.16733,-0.44505,0.0276,-0.09785
-0.06665,0.01702,-0.03912,-0.02486,-0.02944,-0.33682,0.00631,0.12368,-0.07497,-0.10229,-0.00012,-0.14719,-0.22049,-0.17029,-0.24886,0.00481,-0.02161,-0.06442,-0.04354,-0.16962,-0.15495,-0.06587,-0.08838,-0.00043,0.01297,0.03314,-0.10994,0.04092,0.01627,-0.22013,-0.16059,-0.07213,0.02527,-0.26746,-0.48585,-0.22961,-0.20222,-0.46299,-0.08866,-0.40329,-0.0799,0.00216,-0.39895,-0.62816,-0.60911,-0.49487,-0.09381,-0.01853,-0.13159,-0.08205,-0.39406,-0.33568,-0.7408,-0.62394,-0.11145,-0.08054,-0.09415,-0.16217,-0.37769,-0.32696,-0.07047,-0.75784,-0.16508,0.00284
0.00813,-0.06983,0.08081,0.08781,-0.03347,-0.02849,0.0121,-0.00446,-0.01283,-0.05682,-0.00743,0.01391,0.10647,0.03893,0.05508,0.06689,0.00508,0.02544,0.0785,-0.05945,-0.02532,0.01807,0.01488,-0.00182,0.02005,-0.01288,0.07387,0.0583,0.0638,-0.03866,-0.03606,0.0109,-0.02305,-0.09122,0.76326,0.54244,0.18234,0.74177,0.15723,0.26744,-0.04743,-0.05603,0.31607,0.90327,0.57967,0.75125,0.05866,0.10862,-0.04381,0.04367,0.82864,0.74381,0.85436,0.71482,0.37635,0.13908,0.03857,0.0686,0.87414,0.48148,0.4071,0.67418,0.30686,0.23586
-0.02217,0.03207,0.00171,0.0296,0.03383,-0.01469,-0.00045,0.03662,-0.02195,-0.03125,-0.00169,-0.00038,-0.07752,-0.0681,0.00147,-0.03871,0.01534,-0.02509,0.02219,0.03695,0.02174,0.03906,0.02517,0.04884,0.02153,0.00649,-0.0227,0.04272,0.018,0.03089,0.00651,0.00416,0.04085,0.04144,0.40777,0.11104,0.09849,0.41056,0.16127,0.26936,0.05781,-0.00472,0.13161,0.53234,0.30706,0.23982,0.08755,0.07879,-0.03164,-0.05086,0.29131,0.10043,0.33301,0.17788,0.07989,0.07711,-0.03616,-0.01704,0.59461,0.11145,0.06763,0.16628,0.03774,0.09996
-0.14222,-0.08296,0.00845,0.06133,0.01734,-0.06898,0.0035,0.04933,0.08916,-0.00556,0.07905,-0.0354,-0.00958,0.00329,-0.02419,0.11544,0.012,-0.0895,0.07301,0.01019,-0.02229,0.08857,0.05177,0.13229,-0.03378,0.05786,0.01178,0.00252,0.0225,-0.08828,-0.01942,0.0544,-0.41575,-0.44342,-0.29796,-0.1082,-0.10151,-0.19984,0.0145,-0.02651,-0.46421,-0.43821,-0.10485,-0.21597,-0.11201,-0.26764,0.11925,0.08898,-0.48342,-0.5419,-0.25972,-0.22668,-0.25898,-0.33601,0.06815,0.08468,-0.41414,-0.48275,-0.38569,-0.16459,-0.09249,-0.1462,0.01552,-0.06714
0.02413,0.01236,-0.008,-0.04177,-0.00243,-0.0542,0.00384,-0.00967,-0.01846,-0.00692,0.0107,-0.02288,-0.12114,0.00159,-0.01274,-0.0107,0.0208,0.03097,0.01568,-0.0395,-0.02151,-0.02881,0.0026,0.02591,0.06537,0.01552,-0.01695,-0.01223,-0.0118,-0.00827,0.01138,-0.00592,0.0161,-0.0465,0.13185,0.21469,0.00374,0.16665,-0.02502,-0.04183,-0.06678,-0.01924,0.03143,0.07319,0.12886,0.25034,0.03002,0.04959,-0.02383,-0.09731,0.17854,0.19475,0.1941,0.1211,0.04011,0.05262,-0.01394,-0.15832,0.09415,0.13996,0.14194,0.22533,0.01124,0.07381
-0.00844,-0.05567,0.01977,0.05824,0.02213,-0.03263,-0.04717,0.04801,-0.04691,-0.02226,0.00984,0.00206,-0.04285,-0.04268,-0.00773,-0.03087,-0.04623,-0.04186,0.00331,-0.04484,-0.05675,0.01587,-0.04431,0.01768,-0.03052,-0.06802,-0.02395,-0.02081,-0.03419,-0.12609,-0.03275,-0.03999,-0.02892,-0.06572,-0.11922,-0.03537,-0.07453,-0.19578,-0.09375,0.06424,-0.02995,-0.10317,0.00516,-0.12453,-0.28361,-0.20307,-0.03789,-0.03166,-0.11021,-0.15003,-0.12624,-0.06419,-0.27148,-0.20163,-0.06924,-0.03478,-0.06565,-0.11792,-0.14544,-0.12067,-0.10704,-0.28372,-0.09411,0.0136
-0.27002,-0.1572,-0.14306,-0.05214,-0.03994,0.09267,-0.03495,0.05345,0.04155,-0.22193,-0.13099,0.2233,0.12372,-0.02927,0.03088,0.06156,-0.118,-0.16929,-0.0274,0.1281,0.03896,-0.09061,-0.08211,0.10708,-0.02309,-0.06973,0.12271,0.07608,-0.03021,-0.12106,-0.01993,0.02221,-0.01199,-0.02496,0.50507,0.31327,0.15255,0.26156,0.08683,0.22024,0.01644,0.10134,0.33306,0.40117,0.13737,0.28429,0.04648,0.19778,-0.07889,-0.06362,0.54747,0.57719,0.31786,0.32308,0.24351,0.11398,0.07918,-0.03144,0.62171,0.28623,0.19345,0.34155,0.13989,0.20849
-0.08937,-0.05539,0.04371,0.10942,-0.13113,-0.01614,-0.05174,0.02266,0.09019,-0.01451,-0.05447,0.09267,0.10557,-0.04113,-0.0957,0.1199,-0.02115,-0.06046,0.04984,-0.11256,-0.03439,0.00431,-0.08704,0.12606,-0.02065,-0.05494,0.04931,0.04408,0.01652,-0.14094,-0.04366,0.21088,0.11746,-0.01272,1.39994,1.02992,-0.16858,0.92425,0.28519,0.32503,0.08442,0.20616,0.0687,1.10254,0.77756,0.77391,0.09497,0.13883,0.04929,0.43707,1.41211,1.38686,1.04741,0.91115,0.35646,0.15932,0.43303,0.50489,1.64992,1.10021,-0.18127,0.25686,0.41663,0.08454
-0.22913,-0.05532,0.04798,0.17393,-0.1463,-0.00806,-0.10647,0.08986,-0.00962,-0.04242,0.00886,0.0968,0.14742,0.08204,0.07723,0.11826,-0.01845,-0.08306,0.15417,-0.27854,-0.1424,-0.14474,-0.13171,-0.03617,0.02563,-0.16702,0.18977,0.04031,0.15524,-0.13249,-0.0548,-0.03035,0.05883,-0.02097,0.92559,0.58499,0.19785,1.06648,0.26841,0.07149,-0.24603,-0.1114,0.01216,0.75382,0.96959,0.98021,0.09245,0.33322,-0.05848,0.14648,1.01017,0.91397,1.13464,1.01216,0.48775,0.26474,0.12131,0.14034,1.05742,0.68716,0.59983,0.8183,0.41718,0.47691
-0.04721,-0.17731,0.09355,0.04132,0.02094,0.00102,-0.02733,0.07338,0.00519,-0.09395,-0.08918,0.02558,0.00158,-0.08233,-0.07507,-0.01231,-0.07298,-0.09915,0.01979,-0.02353,-0.01757,0.03471,-0.05139,0.04967,-0.08194,-0.11205,0.05055,0.06099,0.0649,-0.07121,-0.03518,-0.00412,-0.04818,-0.05338,0.95376,0.63522,0.2309,0.55751,0.15331,0.39859,-0.00802,-0.11917,0.32889,0.9869,0.47466,0.59294,0.26617,0.15697,-0.1369,0.07135,0.91477,0.74147,0.83513,0.65172,0.19735,0.2094,0.00334,0.03296,0.93204,0.60408,0.055,0.55617,0.24116,0.18616
0.04866,0.04893,0.09739,0.12929,-0.0094,-0.02288,-0.03166,0.11587,-0.02466,0.08757,0.15863,0.0327,0.09988,0.07966,0.03651,0.04307,0.04477,-0.12687,-0.03855,-0.0695,-0.1446,-0.08924,-0.08182,-0.09428,0.02564,0.07803,0.03169,0.01027,-0.00346,-0.13632,0.00546,-0.10704,0.00126,0.06344,0.08778,-0.03322,-0.10866,0.03441,0.07782,-0.02309,-0.15826,-0.07052,-0.11059,-0.10033,-0.10968,0.04694,0.02183,0.19926,-0.03116,0.11208,0.0227,-0.189,0.21997,0.13354,0.09616,0.14738,0.09098,0.08561,0.23842,0.138,0.06638,0.11351,-0.01644,0.15862
-0.02277,-0.19195,0.04138,0.03155,-0.05059,-0.04434,-0.01566,0.0136,-0.05385,-0.02989,0.00173,0.02368,0.02466,0.0354,-0.08361,-0.0586,-0.09104,-0.03484,-0.00505,-0.02204,-0.01944,-0.01703,-0.07331,-0.09457,-0.03822,-0.11194,0.02227,0.01369,-0.01268,-0.0398,-0.09088,-0.0587,-0.03658,-0.00718,0.20512,0.272,0.08184,0.05966,0.02612,0.09158,-0.01348,-0.10117,0.11863,0.18124,0.05736,0.11786,0.05771,0.10144,-0.03397,0.09475,0.2423,0.05728,0.18654,0.10025,0.11884,0.11281,0.0461,0.08093,0.2801,0.11645,0.09597,0.1076,0.08819,0.10567
0.00904,-0.05854,0.0646,0.06949,0.072,-0.05497,0.02603,0.05058,-0.07338,0.01629,0.04818,-0.03183,-0.015,0.03281,0.05622,-0.03816,0.00914,0.00722,0.02179,-0.02411,-0.05068,-0.0287,-0.0225,-0.02181,0.01176,-0.01108,0.05523,0.02148,0.00726,-0.00325,0.04602,-0.04586,0.30845,0.19255,0.2178,0.41547,0.22307,0.2325,-0.01481,-0.03842,0.10469,0.1061,0.18762,0.19723,0.23928,0.21984,-0.03138,0.01879,0.10394,0.05661,0.32331,0.30953,0.1807,0.18541,-0.00315,-0.02118,0.17063,0.06537,0.14475,0.34708,0.32541,0.32811,0.08792,0.1839
-0.01165,0.02538,-0.00456,0.03409,0.02541,0.0301,-0.00676,0.02476,0.02649,0.02213,0.0635,-0.00556,-0.01454,0.00388,0.03743,0.01266,0.01055,0.01015,0.00576,0.00468,0.03935,0.00437,0.02767,-0.01705,0.01301,0.02019,-0.0006,-0.01082,0.0107,0.01174,0.00229,-0.00913,-0.00015,0.06611,-0.03463,-0.05014,-0.02286,0.02441,0.09434,0.17275,0.01336,0.00722,-0.03145,0.00711,-0.00916,-0.02416,0.03677,-0.02239,0.01736,0.01715,-0.04337,-0.0459,-0.02305,0.01812,0.04555,0.03724,0.02786,0.00751,-0.05482,-0.01081,0.00996,-0.02283,-0.0493,0.03781
0.00861,0.03161,0.03525,0.03406,0.01105,0.0744,0.04116,0.0115,0.02672,0.06473,0.02052,0.02819,0.0412,0.04257,0.00332,0.03706,0.03158,0.00866,0.06129,0.01345,0.04467,0.04608,0.00995,-0.02605,0.00404,0.027,0.02169,0.02838,0.02357,0.02183,0.03756,0.06702,-0.01568,0.05809,0.2927,0.23051,0.17647,0.22917,0.0612,0.28649,0.03913,0.01693,0.27515,0.30965,0.20896,0.18214,0.14367,0.13947,0.04272,0.04018,0.29758,0.26231,0.19195,0.23616,0.07117,0.10667,0.0266,0.06498,0.24661,0.23099,0.16813,0.28329,0.2821,0.14933
0.00362,0.00182,-0.04011,0.03386,0.00276,0.02955,-0.06774,-0.02893,-0.10959,-0.02156,-0.04408,-0.02347,-0.06944,-0.01296,0.01469,-0.07871,-0.05031,-0.01459,0.00833,-0.0429,0.09236,-0.28903,-0.13821,-0.10341,0.03305,-0.0174,0.07995,0.0615,0.07637,0.04948,-0.03901,-0.1557,0.07028,-0.04701,0.52854,0.2864,0.24192,0.55615,0.20989,0.12537,-0.07151,0.07674,0.13333,0.47946,0.4732,0.52249,-0.0455,0.1422,0.00028,0.05813,0.56881,0.42782,0.6906,0.63896,0.34499,0.224,-0.01459,0.00026,0.47606,0.34072,0.35887,0.63397,0.20003,0.39608
-0.06163,-0.01897,-0.02172,0.01021,-0.00516,-0.11349,0.04446,-0.00918,0.02415,-0.02912,-0.02056,-0.02334,-0.04844,0.0411,0.00037,0.04148,-0.03415,-0.04673,0.06477,-0.02069,0.02771,-0.0432,0.06032,0.0247,-0.02424,-0.0225,0.01267,0.04859,0.02546,0.03108,0.01789,0.02602,0.13122,-0.01984,0.21174,0.2466,0.13765,0.26962,0.25574,0.22388,0.15371,0.10724,0.12497,0.36004,0.39562,0.53215,0.09983,0.16874,0.15624,0.24059,0.25954,0.26387,0.56281,0.54107,0.3949,0.24278,0.15821,0.17931,0.34554,0.1965,0.39836,0.63813,0.35148,0.37961
-0.03561,0.02498,0.02982,-0.01549,-0.02045,-0.04152,-0.02031,0.0229,0.0079,-0.02624,-0.04745,-0.01382,-0.00786,0.05504,-0.0169,-0.01566,0.05092,0.02456,-0.00269,-0.00663,-0.00433,0.01791,-0.00326,0.02086,0.04582,0.05929,0.03055,0.02834,0.00368,0.05744,0.05405,0.05384,0.29474,0.22285,0.4342,0.18474,0.03611,0.24379,0.14228,0.17158,0.21976,0.23809,0.21884,0.58223,0.26039,0.39964,0.12568,0.13801,0.20682,0.25757,0.31157,0.29309,0.42926,0.38976,0.15734,0.13567,0.23663,0.19324,0.46071,0.28481,0.10111,0.40273,0.1416,0.13119
-0.18604,-0.05445,0.06144,0.05102,0.01542,-0.07703,-0.00969,0.01535,-0.10273,-0.02347,-0.02456,-0.01761,-0.00657,-0.00025,-0.08177,0.005,-0.05305,-0.03088,0.06316,-0.03344,-0.0554,0.00609,-0.06186,0.00066,-0.03777,-0.05876,0.02257,0.02254,0.12693,-0.16293,-0.04581,-0.08204,0.17204,-0.03239,0.23776,0.2126,-0.0217,0.12011,0.18933,0.20674,0.08265,0.00491,0.18588,0.29303,0.13693,0.19968,-0.013,0.06231,0.08355,0.09562,0.30741,0.3464,0.32249,0.19187,0.20572,0.12845,0.15251,0.04521,0.36774,0.1493,0.07199,0.32051,0.0222,0.17989
-0.0005,-0.08658,0.05303,0.06197,-0.07392,-0.22295,-0.03262,0.09104,-0.10575,-0.07293,0.01552,-0.0053,-0.04696,-0.07792,-0.14687,-0.07151,-0.06751,-0.07018,-0.00117,-0.17482,-0.20184,-0.15645,-0.20015,-0.03143,-0.04418,-0.08444,-0.03927,0.00338,-0.00126,-0.17988,-0.14742,-0.09742,-0.01762,-0.23482,0.20958,0.26304,0.04539,-0.00352,0.01311,-0.31053,-0.15199,-0.10806,-0.1455,-0.20018,-0.00707,0.14927,-0.12595,0.02747,-0.12038,-0.07685,0.30245,0.28649,0.16043,0.123,0.03668,-0.04267,0.00546,-0.07015,0.37934,0.12901,0.10784,0.20922,0.01558,0.16577
-0.13086,-0.08599,0.02939,0.20495,-0.05071,-0.1913,-0.00746,-0.01115,0.01713,0.03199,0.0366,-0.03987,-0.05305,-0.07383,-0.14582,0.19057,-0.15737,-0.20834,0.11267,-0.18379,-0.25854,-0.10712,-0.07794,0.08634,-0.17993,-0.04299,-0.02439,-0.01801,-0.01356,-0.45461,-0.17177,-0.02662,-0.00249,-0.27884,-0.52125,-0.22552,-0.30723,-0.79538,-0.75684,-0.71364,-0.29792,-0.12898,-0.51443,-0.91886,-0.76487,-0.83307,-0.53865,-0.30958,-0.32173,-0.1879,-0.30777,-0.22015,-0.77681,-0.9541,-0.54096,-0.38179,-0.06159,-0.21652,-0.31201,-0.38864,-0.55954,-0.85946,-0.19333,-0.6208
-0.11339,-0.09097,0.04953,0.157,-0.01059,-0.17635,0.01538,0.07415,0.05294,-0.11165,-0.06085,-0.04958,0.03116,-0.08114,-0.07603,0.04878,-0.11618,-0.09101,0.1689,-0.01075,-0.00988,0.10881,-0.01717,0.11046,-0.10687,-0.13219,0.05962,0.14695,0.07235,-0.1514,-0.05789,0.01902,-0.09421,-0.26823,0.00476,0.09614,-0.12591,-0.14846,0.3919,0.5448,-0.10569,-0.16497,0.32754,0.25174,-0.03555,0.05051,0.08863,0.34396,-0.20162,-0.12232,0.06968,0.0398,0.18457,-0.00607,0.34686,0.3551,-0.12464,-0.16214,0.1075,0.03308,-0.10829,0.29837,0.27416,0.47489
-0.02303,-0.01676,0.00123,0.0326,-0.02087,0.00377,-0.01723,0.00269,0.02133,-0.02174,0.06103,0.00144,0.02098,0.01687,0.04356,0.01352,-0.03477,-0.02973,0.00583,-0.03277,0.01383,-0.01665,-0.03897,-0.0164,-0.01094,-0.02405,-0.01344,0.00136,0.01976,-0.02501,-0.04613,0.01263,-0.05866,-0.04652,-0.06983,0.00983,-0.02312,-0.10496,-0.05637,-0.09632,-0.0249,-0.06455,-0.01931,-0.13455,-0.08715,-0.16161,-0.05937,-0.01872,-0.05045,-0.08539,-0.05077,-0.07857,-0.11845,-0.12844,-0.05667,-0.0326,-0.05093,-0.02696,-0.10689,-0.01504,-0.04656,-0.15078,-0.02493,-0.1342
-0.01587,-0.04312,-0.02521,-0.03344,-0.01205,-0.01257,0.10097,-0.07609,-0.01664,0.01048,0.02385,0.00175,0.01377,0.01851,0.03375,-0.02457,-0.05653,-0.02235,-0.00264,0.00221,0.00512,0.00726,-0.06169,-0.05692,-0.0447,-0.02411,-0.00177,-0.04788,-0.02669,-0.03108,-0.04156,-0.02034,-0.08662,-0.09909,-0.1146,-0.09613,-0.11162,-0.09293,-0.18816,-0.06294,-0.00864,-0.04487,-0.08062,-0.11807,-0.13647,-0.23969,-0.09716,-0.09923,-0.05267,-0.08239,-0.07416,-0.11722,-0.17284,-0.16102,-0.09806,-0.10322,-0.09984,-0.04334,-0.09632,-0.1073,-0.11067,-0.25373,-0.20558,-0.15754
-0.07606,-0.00669,0.12623,-0.00548,-0.12328,-0.11484,-0.07555,0.08694,0.1002,-0.02248,-0.12546,-0.08763,0.01985,-0.00904,-0.1135,0.14751,-0.04085,-0.12398,0.0504,-0.05997,-0.04546,0.08578,0.01447,0.03525,-0.03876,-0.04266,-0.00896,0.07184,0.10346,-0.08455,-0.04397,0.1038,0.03174,-0.13314,0.79345,0.52402,0.25093,0.50438,0.16577,0.3246,-0.03009,-0.04856,0.4668,0.79252,0.53223,0.56117,0.11844,0.17495,-0.11494,0.0089,0.73717,0.54361,0.65024,0.47936,0.17966,0.09339,-0.10505,-0.09313,0.86472,0.49108,0.16078,0.5383,0.2084,0.08875
0.11288,-0.14411,-0.08855,-0.08462,-0.00618,0.00072,-0.01357,-0.11213,0.02878,0.01148,-0.10488,-0.03281,0.08391,-0.01309,-0.02199,0.00585,0.09295,0.26182,-0.03007,0.04446,-0.06347,0.01992,0.03668,0.08123,0.15857,0.22563,0.19291,-0.00341,0.01476,0.02809,0.03026,0.04775,0.76901,0.68272,0.65402,0.40734,0.31685,0.77085,0.55031,0.6544,0.61264,0.86665,0.57442,1.08772,0.58934,0.71535,0.2328,0.25086,0.70809,0.82273,0.73299,0.95926,0.95052,0.95901,0.69623,0.50928,0.6571,0.77209,0.79156,0.54818,0.21754,0.95202,0.47528,0.35673
-0.03473,-0.00745,0.04943,0.12684,0.01171,0.02531,-0.00739,-0.01309,-0.03744,0.08479,0.10581,0.04375,0.01088,0.09892,0.07304,0.05761,-0.07473,-0.04447,0.02618,-0.11583,-0.13339,-0.11548,-0.12734,-0.18231,0.00508,-0.00588,0.05964,-0.0149,-0.03557,-0.15942,0.01237,-0.12311,0.3226,0.23944,-0.29662,0.06414,-0.02001,-0.09737,-0.41684,-0.32333,0.13751,0.1446,-0.08208,-0.26859,-0.13786,0.00881,-0.29859,-0.2884,0.24285,0.18749,-0.04568,-0.17892,-0.09532,-0.04778,-0.04121,-0.19086,0.4143,0.19219,-0.39164,0.04116,0.08223,-0.08068,-0.19085,-0.23541
-0.13203,-0.06653,-0.08101,-0.13606,0.00136,-0.08638,-0.00909,0.01801,0.06615,0.00665,-0.03283,-0.09703,-0.06916,0.04589,0.01504,0.14703,-0.18687,-0.22703,-0.09285,-0.01505,-0.24266,0.04889,0.00735,0.12659,-0.20505,-0.13386,-0.16125,-0.04246,-0.19642,-0.08609,0.05619,-0.03239,-0.2555,-0.41418,-0.68551,-0.40088,-0.53897,-0.29598,0.60638,0.61457,-0.31902,-0.31157,-0.18063,-0.05294,-0.19736,-0.08926,0.11398,0.37103,-0.34116,-0.40166,-0.52648,-0.43057,0.13302,-0.16935,0.54596,0.35133,-0.29557,-0.43879,-0.66662,-0.47365,-0.0584,0.23818,0.22455,0.53324
-0.04512,-0.18441,0.017,0.27772,0.0733,-0.22424,-0.11137,-0.00537,-0.15758,0.0212,0.13012,0.00103,-0.16037,-0.09305,-0.20805,0.02922,-0.26964,-0.19967,0.08776,-0.12542,-0.28065,-0.15561,-0.22056,-0.04296,-0.21836,-0.13707,-0.02676,-0.06687,-0.05832,-0.48752,-0.16382,-0.22087,-0.08854,-0.35344,-0.57357,-0.29139,-0.35674,-0.81676,-1.02433,-0.76379,-0.26626,-0.22445,-0.09939,-0.65754,-1.02627,-0.9303,-0.72355,-0.49571,-0.39293,-0.2753,-0.35217,-0.29114,-0.87431,-1.02299,-0.74837,-0.59648,-0.14012,-0.34154,-0.38695,-0.49217,-0.47173,-0.96796,-0.43046,-0.77957
0.05687,0.02141,-0.00548,-0.03734,0.02383,-0.05808,0.01505,0.02347,-0.02066,0.01415,0.00835,0.02149,0.0135,-0.03028,-0.049,0.01872,0.10453,0.07932,-0.04913,-0.02677,0.0081,0.00865,0.00801,0.01963,0.0343,0.10316,-0.0306,-0.01337,-0.01376,-0.00229,0.00091,0.01007,0.34749,0.37786,0.52308,0.27877,0.20411,0.23339,0.52709,0.30884,0.38056,0.44853,0.4511,0.57736,0.41566,0.54118,0.51381,0.51733,0.40551,0.43758,0.58247,0.65196,0.48837,0.78155,0.40856,0.4778,0.34657,0.45244,0.52857,0.33854,0.30923,0.56884,0.56338,0.59954